{
    "1": 2.186832974658527,
    "2": 5.342614958935394,
    "3": 7.894075277789978,
    "4": 10.792779656550573,
    "5": 12.840792305327419,
    "6": 14.38255522860029,
    "Bonus": 5.820677236593614,
    "Chance": 22.960375949756248,
    "Brelan": 16.179814660283718,
    "Carr\u00e9": 17.251139707497035,
    "Full": 24.600553383987,
    "Petite Suite": 30.0,
    "Grande Suite": 37.72111203829768,
    "Yams": 28.209407527778996
}