{
    "1": 3,
    "2": 6,
    "3": 9,
    "4": 12,
    "5": 15,
    "6": 18,
    "Bonus": 5.820677236593614,
    "Chance": 22.960375949756248,
    "Brelan": 16.179814660283718,
    "Carr\u00e9": 17.251139707497035,
    "Full": 24.600553383987,
    "Petite Suite": 30.0,
    "Grande Suite": 37.72111203829768,
    "Yams": 28.209407527778996
}